resolution;BDF_original_vTrue;BDF_original_vFalse;LSODA_original_vTrue;LSODA_original_vFalse
20;0.3306922912597656;0.30922627449035645;0.2504875659942627;0.17740154266357422
40;0.555525541305542;0.5567524433135986;0.6959636211395264;0.5075280666351318
80;1.0719621181488037;1.2891781330108643;2.5162620544433594;1.822981834411621
160;5.585834264755249;6.723018646240234;16.150999784469604;11.610977172851562
320;24.810322761535645;33.480589389801025;70.19689106941223;57.32618474960327
