resolution;RK45_original_vTrue;RK45_original_vFalse;Radau_original_vTrue;Radau_original_vFalse
20;0.5721502304077148;0.4128580093383789;0.529573917388916;0.5480225086212158
40;2.041999101638794;1.5101521015167236;0.9799132347106934;1.2317149639129639
80;8.668666124343872;6.400359392166138;2.199213981628418;3.514653444290161
160;40.31566095352173;31.426835298538208;31.18027973175049;37.56486201286316
320;182.40809512138367;144.63945150375366;131.63593411445618;160.09817218780518
